LokasiID,Komisi,SKPDKode,SKPDNama,UrusanKode,UrusanNama,ProgramKode,ProgramTeks,Kegiatan, Anggaran ,Vol,Satuan
3,1,1.20.169,Kelurahan Jembatan Besi - JAKBAR,1.2,Otonomi Daerah. Pemerintahan Umum. Administrasi Keuangan Daerah. Perangkat Daerah. Kepegawaian. dan Persandian,1.20.27,Program Peningkatan Kapasitas Pemerintahan Kelurahan,"Pemeliharaan jalan orang permukiman rw. 06, 09 kelurahan jembatan besi","50,000,000",500,m2
5,1,1.20.339,Kelurahan Rawa Terate - JAKTIM,1.2,Otonomi Daerah. Pemerintahan Umum. Administrasi Keuangan Daerah. Perangkat Daerah. Kepegawaian. dan Persandian,1.20.27,Program Peningkatan Kapasitas Pemerintahan Kelurahan,Pemeliharaan Kanstein lingkungan kelurahan,"50,000,000",1,Paket
5,1,1.20.339,Kelurahan Rawa Terate - JAKTIM,1.2,Otonomi Daerah. Pemerintahan Umum. Administrasi Keuangan Daerah. Perangkat Daerah. Kepegawaian. dan Persandian,1.20.27,Program Peningkatan Kapasitas Pemerintahan Kelurahan,Pengadaan Bantuan Bahan Material,"70,000,000",1,Paket
2,1,1.20.100,Kelurahan Rawa Badak Utara - JAKUT,1.2,Otonomi Daerah. Pemerintahan Umum. Administrasi Keuangan Daerah. Perangkat Daerah. Kepegawaian. dan Persandian,1.20.27,Program Peningkatan Kapasitas Pemerintahan Kelurahan,Pembinaan Hansip / Linmas,"65,000,000",90,orang
5,1,1.20.305,Kecamatan Jatinegara - JAKTIM,1.2,Otonomi Daerah. Pemerintahan Umum. Administrasi Keuangan Daerah. Perangkat Daerah. Kepegawaian. dan Persandian,1.20.26,Program Peningkatan Kapasitas Pemerintahan Kecamatan,Perbaikan jalan dan pengaspalan jalan MHT RT 001 s/d RT 009  RW 05 Kelurahan Kampung Melayu,"60,000,000",500,meter
3,1,1.20.129,Kecamatan Kembangan - JAKBAR,1.2,Otonomi Daerah. Pemerintahan Umum. Administrasi Keuangan Daerah. Perangkat Daerah. Kepegawaian. dan Persandian,1.20.26,Program Peningkatan Kapasitas Pemerintahan Kecamatan,Pemeliharaan Jalan Layer Hotmix ( Jl raya kembangan utara RW 01 Kembangan Utara ),"63,129,000",300,M2
3,1,1.20.129,Kecamatan Kembangan - JAKBAR,1.2,Otonomi Daerah. Pemerintahan Umum. Administrasi Keuangan Daerah. Perangkat Daerah. Kepegawaian. dan Persandian,1.20.26,Program Peningkatan Kapasitas Pemerintahan Kecamatan,Pemeliharaan/pengurasan saluran mikro (Jl. Jomas RW 05 Maruya Utara),"78,375,000",750,M3
3,1,1.20.129,Kecamatan Kembangan - JAKBAR,1.2,Otonomi Daerah. Pemerintahan Umum. Administrasi Keuangan Daerah. Perangkat Daerah. Kepegawaian. dan Persandian,1.20.26,Program Peningkatan Kapasitas Pemerintahan Kecamatan,"Pemeliharaan Jalan layer Hotmix ( Jl H Saanan, Jl H Paih RW 02 Kembangan Utara )","105,215,000",500,M2
3,1,1.20.143,Kecamatan Kalideres - JAKBAR,1.2,Otonomi Daerah. Pemerintahan Umum. Administrasi Keuangan Daerah. Perangkat Daerah. Kepegawaian. dan Persandian,1.20.26,Program Peningkatan Kapasitas Pemerintahan Kecamatan,"Sosialisasi pentingnya pemberantasan sarang nyamuk, Kp. Prepedan Rw.09 Kel. Kamal","10,000,000",50,Orang
3,1,1.20.143,Kecamatan Kalideres - JAKBAR,1.2,Otonomi Daerah. Pemerintahan Umum. Administrasi Keuangan Daerah. Perangkat Daerah. Kepegawaian. dan Persandian,1.20.26,Program Peningkatan Kapasitas Pemerintahan Kecamatan,"Perawatan jalan 200 m x 1,5m = 300 m2, Gg. Nimat Rt.001 Rw.09 Kel. Tegal Alur","107,580,000",300,m2
5,1,1.20.305,Kecamatan Jatinegara - JAKTIM,1.2,Otonomi Daerah. Pemerintahan Umum. Administrasi Keuangan Daerah. Perangkat Daerah. Kepegawaian. dan Persandian,1.20.26,Program Peningkatan Kapasitas Pemerintahan Kecamatan,"Pengurasan saluran  RT 005, RT 10, RT 11 RW 02 Kelurahan Kampung Melayu","60,000,000",250,m3
3,1,1.20.129,Kecamatan Kembangan - JAKBAR,1.2,Otonomi Daerah. Pemerintahan Umum. Administrasi Keuangan Daerah. Perangkat Daerah. Kepegawaian. dan Persandian,1.20.26,Program Peningkatan Kapasitas Pemerintahan Kecamatan,Peningkatan/pemeliharaan saluran ( RW.03 Kembangan Selatan ),"198,000,000",150,meter
3,1,1.20.129,Kecamatan Kembangan - JAKBAR,1.2,Otonomi Daerah. Pemerintahan Umum. Administrasi Keuangan Daerah. Perangkat Daerah. Kepegawaian. dan Persandian,1.20.26,Program Peningkatan Kapasitas Pemerintahan Kecamatan,Peningkatan/pemeliharaan saluran ( Jl. H. Aja RT.005/07 Meruya Selatan ),"40,450,000",100,meter
3,1,1.20.143,Kecamatan Kalideres - JAKBAR,1.2,Otonomi Daerah. Pemerintahan Umum. Administrasi Keuangan Daerah. Perangkat Daerah. Kepegawaian. dan Persandian,1.20.26,Program Peningkatan Kapasitas Pemerintahan Kecamatan,"Perbaikan jalan orang pengaspalan p x l = 400m x 2 m = 800 m2,  Kamp. Belakang Gg. Senggol Rt,001,006, 007 Rw.03 Kel. Kamal","168,344,000",800,m2
5,1,1.20.314,Kecamatan Duren Sawit - JAKTIM,1.2,Otonomi Daerah. Pemerintahan Umum. Administrasi Keuangan Daerah. Perangkat Daerah. Kepegawaian. dan Persandian,1.20.26,Program Peningkatan Kapasitas Pemerintahan Kecamatan,Pemeliharaan untuk penambalan dan pengaspalan jalan yang berlubang lokasi di Jl. Melati RayaRW.02 Kelurahan  Malaka Sari,"52,000,000",400,M2
5,1,1.20.314,Kecamatan Duren Sawit - JAKTIM,1.2,Otonomi Daerah. Pemerintahan Umum. Administrasi Keuangan Daerah. Perangkat Daerah. Kepegawaian. dan Persandian,1.20.26,Program Peningkatan Kapasitas Pemerintahan Kecamatan,"Pemeliharaan saluran dengan pengurasan di RW 03 (Sepanjang jalan Nusa Indah VI RT 01, 06, 07 dan 08)  Kel.Malaka Jaya","40,000,000",400,M
5,1,1.20.314,Kecamatan Duren Sawit - JAKTIM,1.2,Otonomi Daerah. Pemerintahan Umum. Administrasi Keuangan Daerah. Perangkat Daerah. Kepegawaian. dan Persandian,1.20.26,Program Peningkatan Kapasitas Pemerintahan Kecamatan,"Perbaikan saluan penghubung dengan PVC di RT.07 RW.04 dan RT.06,07,010 RW.05 Kel.Pondok Kopi","14,000,000",140,M
3,4,1.08.013,Sudin Kebersihan - JAKBAR,1.03,Pekerjaan Umum,1.03.03,Program Peningkatan Sarana dan Prasarana Pekerjaan Umum,Penyediaan Jasa Pemeliharaan & Perizinan Kendaraan Dinas Operasional / Jasa KIR dan Perpanjangan STNK dan Ganti Plate,"231,798,134",1,Tahun
5,1,1.20.305,Kecamatan Jatinegara - JAKTIM,1.2,Otonomi Daerah. Pemerintahan Umum. Administrasi Keuangan Daerah. Perangkat Daerah. Kepegawaian. dan Persandian,1.20.26,Program Peningkatan Kapasitas Pemerintahan Kecamatan,Penyediaan dukungan Truk Tangki Air dalam rangka Kegiatan Penyiraman Pot dan Jalur Separator Lingkungan Wilayah Kecamatan Jatinegara,"95,000,000",12,Bulan
5,1,1.20.305,Kecamatan Jatinegara - JAKTIM,1.2,Otonomi Daerah. Pemerintahan Umum. Administrasi Keuangan Daerah. Perangkat Daerah. Kepegawaian. dan Persandian,1.20.26,Program Peningkatan Kapasitas Pemerintahan Kecamatan,Pelayanan Terpadu Malam hari,"11,000,000",1,Tahun
5,1,1.20.305,Kecamatan Jatinegara - JAKTIM,1.2,Otonomi Daerah. Pemerintahan Umum. Administrasi Keuangan Daerah. Perangkat Daerah. Kepegawaian. dan Persandian,1.20.26,Program Peningkatan Kapasitas Pemerintahan Kecamatan,Festival Jakarta Timur Fair,"15,000,000",1,Kegiatan
3,1,1.20.172,Kelurahan Duri Selatan - JAKBAR,1.2,Otonomi Daerah. Pemerintahan Umum. Administrasi Keuangan Daerah. Perangkat Daerah. Kepegawaian. dan Persandian,1.20.27,Program Peningkatan Kapasitas Pemerintahan Kelurahan,Pengadaan Lori / Kereta Sorong Kelurahan Duri Selatan,"22,500,000",30,unit
5,1,1.20.279,Kelurahan Kelapa Dua Wetan - JAKTIM,1.2,Otonomi Daerah. Pemerintahan Umum. Administrasi Keuangan Daerah. Perangkat Daerah. Kepegawaian. dan Persandian,1.20.27,Program Peningkatan Kapasitas Pemerintahan Kelurahan,Pengadaan Bibit Penghijauan Lingkungan,"11,500,000",1,Paket
3,1,1.20.132,Kelurahan Meruya Selatan - JAKBAR,1.2,Otonomi Daerah. Pemerintahan Umum. Administrasi Keuangan Daerah. Perangkat Daerah. Kepegawaian. dan Persandian,1.20.27,Program Peningkatan Kapasitas Pemerintahan Kelurahan,Pengadaan sarana dan prasarana komposting,"48,000,000",6,unit
2,1,1.20.114,Kelurahan Semper Barat - JAKUT,1.2,Otonomi Daerah. Pemerintahan Umum. Administrasi Keuangan Daerah. Perangkat Daerah. Kepegawaian. dan Persandian,1.20.27,Program Peningkatan Kapasitas Pemerintahan Kelurahan,"Pergerakan Masyarakat dalam lingkungan RT.007, 008, 015,016,017 RW.003","25,500,000",244,M3
1,1,1.20.022,Kecamatan Tanah Abang - JAKPUS,1.2,Otonomi Daerah. Pemerintahan Umum. Administrasi Keuangan Daerah. Perangkat Daerah. Kepegawaian. dan Persandian,1.20.26,Program Peningkatan Kapasitas Pemerintahan Kecamatan,Pelatihan dan penyuluhan keterampilan guru BKB PAUD RW 08 Kelurahan Bendungan Hilir,"20,000,000",1,paket
1,1,1.20.022,Kecamatan Tanah Abang - JAKPUS,1.2,Otonomi Daerah. Pemerintahan Umum. Administrasi Keuangan Daerah. Perangkat Daerah. Kepegawaian. dan Persandian,1.20.26,Program Peningkatan Kapasitas Pemerintahan Kecamatan,"Penutupan lubang di  RT 05 GG Beringin, RW 01 Kelurahan Bendungan Hilir","46,000,000",300,m2
1,1,1.20.022,Kecamatan Tanah Abang - JAKPUS,1.2,Otonomi Daerah. Pemerintahan Umum. Administrasi Keuangan Daerah. Perangkat Daerah. Kepegawaian. dan Persandian,1.20.26,Program Peningkatan Kapasitas Pemerintahan Kecamatan,"Penyediaan tutup saluran air, Kebon Kacang 9 RW.03 Kelurahan Kebon Kacang","25,000,000",100,m1
1,1,1.20.022,Kecamatan Tanah Abang - JAKPUS,1.2,Otonomi Daerah. Pemerintahan Umum. Administrasi Keuangan Daerah. Perangkat Daerah. Kepegawaian. dan Persandian,1.20.26,Program Peningkatan Kapasitas Pemerintahan Kecamatan,"Perbaikan Jalan Lingkunagn RW 05 Kelurahan PetamburanJl. Petamburan V RT 002,08 RW 05 Kelurahan Petamburan","7,000,000",40,M1
1,1,1.20.022,Kecamatan Tanah Abang - JAKPUS,1.2,Otonomi Daerah. Pemerintahan Umum. Administrasi Keuangan Daerah. Perangkat Daerah. Kepegawaian. dan Persandian,1.20.26,Program Peningkatan Kapasitas Pemerintahan Kecamatan,"Perbaikan jalan (P=100m, L=3m) Jl. Dukuh Pinggir III Rt 002 Rw 06 Kel. Kebon Melati","16,000,000",300,M2
5,1,1.20.298,Kelurahan Cawang - JAKTIM,1.2,Otonomi Daerah. Pemerintahan Umum. Administrasi Keuangan Daerah. Perangkat Daerah. Kepegawaian. dan Persandian,1.20.27,Program Peningkatan Kapasitas Pemerintahan Kelurahan,Pengadaan alat/penunjang kebersihan : gerobak celeng untuk 12 Rw di wilayah Kelurahan Cawang,"50,000,000",24,Unit
2,1,1.20.109,Kelurahan Sukapura - JAKUT,1.2,Otonomi Daerah. Pemerintahan Umum. Administrasi Keuangan Daerah. Perangkat Daerah. Kepegawaian. dan Persandian,1.20.27,Program Peningkatan Kapasitas Pemerintahan Kelurahan,Penggerakan Masyarakat dalam Pengurasan Saluran Lingkungan RW 02,"50,000,000",233,M3
5,1,1.20.288,Kelurahan Cilangkap - JAKTIM,1.2,Otonomi Daerah. Pemerintahan Umum. Administrasi Keuangan Daerah. Perangkat Daerah. Kepegawaian. dan Persandian,1.20.27,Program Peningkatan Kapasitas Pemerintahan Kelurahan,Peningkatan Pemberdayaan Perempuan,"70,000,000",10,Unit
5,1,1.20.323,Kelurahan Pisangan Baru - JAKTIM,1.2,Otonomi Daerah. Pemerintahan Umum. Administrasi Keuangan Daerah. Perangkat Daerah. Kepegawaian. dan Persandian,1.20.27,Program Peningkatan Kapasitas Pemerintahan Kelurahan,Penyediaan sarana dan prasarana  Kebersihan Lingkungan di wilayah Kelurahan Pisangan Baru,"75,000,000",1,paket
3,1,1.20.179,Kelurahan Taman Sari - JAKBAR,1.2,Otonomi Daerah. Pemerintahan Umum. Administrasi Keuangan Daerah. Perangkat Daerah. Kepegawaian. dan Persandian,1.20.27,Program Peningkatan Kapasitas Pemerintahan Kelurahan,Pengadaan Sarana Posyandu,"25,000,000",8,paket
2,1,1.20.109,Kelurahan Sukapura - JAKUT,1.2,Otonomi Daerah. Pemerintahan Umum. Administrasi Keuangan Daerah. Perangkat Daerah. Kepegawaian. dan Persandian,1.20.27,Program Peningkatan Kapasitas Pemerintahan Kelurahan,Pengadaan Tong Sampah,"90,000,000",600,Buah
3,1,1.20.156,Kelurahan Tanjung Duren Selatan - JAKBAR,1.2,Otonomi Daerah. Pemerintahan Umum. Administrasi Keuangan Daerah. Perangkat Daerah. Kepegawaian. dan Persandian,1.20.27,Program Peningkatan Kapasitas Pemerintahan Kelurahan,Pengadaan sarana kebersihan,"80,000,000",69,paket
5,1,1.20.330,Kelurahan Pisangan Timur - JAKTIM,1.2,Otonomi Daerah. Pemerintahan Umum. Administrasi Keuangan Daerah. Perangkat Daerah. Kepegawaian. dan Persandian,1.20.27,Program Peningkatan Kapasitas Pemerintahan Kelurahan,Pengadaan Mesin Pencacah Sampah,"98,000,000",42,Unit
2,1,1.20.107,Kelurahan Pegangsaan Dua - JAKUT,1.2,Otonomi Daerah. Pemerintahan Umum. Administrasi Keuangan Daerah. Perangkat Daerah. Kepegawaian. dan Persandian,1.20.27,Program Peningkatan Kapasitas Pemerintahan Kelurahan,Pembinaan Linmas,"118,000,000",1,Set
2,1,1.20.107,Kelurahan Pegangsaan Dua - JAKUT,1.2,Otonomi Daerah. Pemerintahan Umum. Administrasi Keuangan Daerah. Perangkat Daerah. Kepegawaian. dan Persandian,1.20.27,Program Peningkatan Kapasitas Pemerintahan Kelurahan,Sosialisasi 3 R,"15,000,000",1,Kali
3,1,1.20.142,Kelurahan Kedaung Kali Angke - JAKBAR,1.2,Otonomi Daerah. Pemerintahan Umum. Administrasi Keuangan Daerah. Perangkat Daerah. Kepegawaian. dan Persandian,1.20.27,Program Peningkatan Kapasitas Pemerintahan Kelurahan,Pengadaan alat marawis,"13,000,000",6,set
1,1,1.20.036,Kecamatan Senen - JAKPUS,1.2,Otonomi Daerah. Pemerintahan Umum. Administrasi Keuangan Daerah. Perangkat Daerah. Kepegawaian. dan Persandian,1.20.26,Program Peningkatan Kapasitas Pemerintahan Kecamatan,Perbaikan trotoar di Jl. KramatVI dan Kramat VII RW. 01 Kelurahan Kenari,"82,500,000",550,M2
5,1,1.20.291,Kecamatan Kramat Jati - JAKTIM,1.2,Otonomi Daerah. Pemerintahan Umum. Administrasi Keuangan Daerah. Perangkat Daerah. Kepegawaian. dan Persandian,1.20.26,Program Peningkatan Kapasitas Pemerintahan Kecamatan,"Pemeliharaan Saluran Air di RT. 011, 015, 016 / RW 04 Kelurahan Kampung Dukuh","50,000,000",1,Kegiatan
5,1,1.20.291,Kecamatan Kramat Jati - JAKTIM,1.2,Otonomi Daerah. Pemerintahan Umum. Administrasi Keuangan Daerah. Perangkat Daerah. Kepegawaian. dan Persandian,1.20.26,Program Peningkatan Kapasitas Pemerintahan Kecamatan,Pemeliharaan Saluran Air di RW. 03 Kelurahan Cililitan,"50,000,000",1,Kegiatan
3,1,1.20.121,Kecamatan Kebon Jeruk - JAKBAR,1.2,Otonomi Daerah. Pemerintahan Umum. Administrasi Keuangan Daerah. Perangkat Daerah. Kepegawaian. dan Persandian,1.20.26,Program Peningkatan Kapasitas Pemerintahan Kecamatan,Pengurasan saluran di Jl. H. Soleh I Rt.007/03(150mx0.5mx0.5m) Kelurahan sukabumi selatan,"25,000,000",238,M3
3,1,1.20.121,Kecamatan Kebon Jeruk - JAKBAR,1.2,Otonomi Daerah. Pemerintahan Umum. Administrasi Keuangan Daerah. Perangkat Daerah. Kepegawaian. dan Persandian,1.20.26,Program Peningkatan Kapasitas Pemerintahan Kecamatan,Pemeliharaan jalan dengan layer hotmix Jl. Pillar Rw.03 kelurahan kedoya Selatan,"35,776,500",170,M2
5,1,1.20.343,Kelurahan Cakung Timur - JAKTIM,1.2,Otonomi Daerah. Pemerintahan Umum. Administrasi Keuangan Daerah. Perangkat Daerah. Kepegawaian. dan Persandian,1.20.27,Program Peningkatan Kapasitas Pemerintahan Kelurahan,Pelatihan Ketrampilan dan Peningkatan SDM,"102,300,000",1,Paket
5,1,1.20.308,Kelurahan Bali Mester - JAKTIM,1.2,Otonomi Daerah. Pemerintahan Umum. Administrasi Keuangan Daerah. Perangkat Daerah. Kepegawaian. dan Persandian,1.20.27,Program Peningkatan Kapasitas Pemerintahan Kelurahan,Peningkatan SDM Kader PKK dan Posyandu Kelurahan Bali Mester,"84,600,000",43,orang
3,1,1.20.165,Kelurahan Kalianyar - JAKBAR,1.2,Otonomi Daerah. Pemerintahan Umum. Administrasi Keuangan Daerah. Perangkat Daerah. Kepegawaian. dan Persandian,1.20.27,Program Peningkatan Kapasitas Pemerintahan Kelurahan,sosialisasi penanggulangan bencana kelurahan kalianyar,"40,000,000",200,orang
5,1,1.20.343,Kelurahan Cakung Timur - JAKTIM,1.2,Otonomi Daerah. Pemerintahan Umum. Administrasi Keuangan Daerah. Perangkat Daerah. Kepegawaian. dan Persandian,1.20.27,Program Peningkatan Kapasitas Pemerintahan Kelurahan,Penyuluhan Narkoba dan HIV AIDS Untuk Kepemudaan,"49,000,000",1,Paket
5,1,1.20.294,Kelurahan Kramat Jati - JAKTIM,1.2,Otonomi Daerah. Pemerintahan Umum. Administrasi Keuangan Daerah. Perangkat Daerah. Kepegawaian. dan Persandian,1.20.27,Program Peningkatan Kapasitas Pemerintahan Kelurahan,Pengadaan Alat Penanggulangan Kebakaran Dini otomatis,"130,000,000",40,Paket
5,1,1.20.294,Kelurahan Kramat Jati - JAKTIM,1.2,Otonomi Daerah. Pemerintahan Umum. Administrasi Keuangan Daerah. Perangkat Daerah. Kepegawaian. dan Persandian,1.20.27,Program Peningkatan Kapasitas Pemerintahan Kelurahan,Pengadaan obat Rancun Tikus mati kering,"7,020,000",540,Bungkus
2,1,1.20.112,Kelurahan Cilincing - JAKUT,1.2,Otonomi Daerah. Pemerintahan Umum. Administrasi Keuangan Daerah. Perangkat Daerah. Kepegawaian. dan Persandian,1.20.27,Program Peningkatan Kapasitas Pemerintahan Kelurahan,Pengadaan Sarana & Sarana Kebersihan Lingkungan,"81,600,000",12,set
5,1,1.20.324,Kelurahan Utan Kayu Selatan - JAKTIM,1.2,Otonomi Daerah. Pemerintahan Umum. Administrasi Keuangan Daerah. Perangkat Daerah. Kepegawaian. dan Persandian,1.20.27,Program Peningkatan Kapasitas Pemerintahan Kelurahan,Penyediaan tempat sampah pilah  ( organik dan non organik) di  Kelurahan Utan Kayu Selatan,"143,500,000",42,unit
5,1,1.20.324,Kelurahan Utan Kayu Selatan - JAKTIM,1.2,Otonomi Daerah. Pemerintahan Umum. Administrasi Keuangan Daerah. Perangkat Daerah. Kepegawaian. dan Persandian,1.20.27,Program Peningkatan Kapasitas Pemerintahan Kelurahan,Penyediaan sarana penunjang kegiatan Jumantik untuk petugas Jumantik di Kelurahan Utan Kayu Selatan,"74,232,000",346,set
5,1,1.20.344,Kelurahan Cakung Barat - JAKTIM,1.2,Otonomi Daerah. Pemerintahan Umum. Administrasi Keuangan Daerah. Perangkat Daerah. Kepegawaian. dan Persandian,1.20.27,Program Peningkatan Kapasitas Pemerintahan Kelurahan,Penyediaan Perlengkapan Keamanan,"50,000,000",10,Lokasi
2,1,1.20.079,Kecamatan Penjaringan - JAKUT,1.2,Otonomi Daerah. Pemerintahan Umum. Administrasi Keuangan Daerah. Perangkat Daerah. Kepegawaian. dan Persandian,1.20.26,Program Peningkatan Kapasitas Pemerintahan Kecamatan,"Pengurasan Saluran Air Jl. Pluit Karang Manis, Pluit Karang Sari","54,120,000",240,m3
5,1,1.20.276,Kecamatan Ciracas - JAKTIM,1.2,Otonomi Daerah. Pemerintahan Umum. Administrasi Keuangan Daerah. Perangkat Daerah. Kepegawaian. dan Persandian,1.20.26,Program Peningkatan Kapasitas Pemerintahan Kecamatan,"Pemeliharaan Saluran Air RT 002, 005, 007, 009 RW 05 Kelurahan Ciracas","60,000,000",300,M3
5,1,1.20.324,Kelurahan Utan Kayu Selatan - JAKTIM,1.2,Otonomi Daerah. Pemerintahan Umum. Administrasi Keuangan Daerah. Perangkat Daerah. Kepegawaian. dan Persandian,1.20.27,Program Peningkatan Kapasitas Pemerintahan Kelurahan,Penyelenggaraan sosialisasi Pola Hidup Bersih dan Sehat di Kelurahan Utan Kayu Selatan,"45,000,000",1,paket
5,1,1.20.311,Kelurahan Cipinang Muara - JAKTIM,1.2,Otonomi Daerah. Pemerintahan Umum. Administrasi Keuangan Daerah. Perangkat Daerah. Kepegawaian. dan Persandian,1.20.27,Program Peningkatan Kapasitas Pemerintahan Kelurahan,Pengadaan gerobak sampah,"128,000,000",64,unit
5,1,1.20.344,Kelurahan Cakung Barat - JAKTIM,1.2,Otonomi Daerah. Pemerintahan Umum. Administrasi Keuangan Daerah. Perangkat Daerah. Kepegawaian. dan Persandian,1.20.27,Program Peningkatan Kapasitas Pemerintahan Kelurahan,Peningkatan Wawasan Kader Jumantik,"90,000,000",10,Lokasi
3,1,1.20.165,Kelurahan Kalianyar - JAKBAR,1.2,Otonomi Daerah. Pemerintahan Umum. Administrasi Keuangan Daerah. Perangkat Daerah. Kepegawaian. dan Persandian,1.20.27,Program Peningkatan Kapasitas Pemerintahan Kelurahan,pengurasan saluran air lingkungan (lebar < 50 cm)  RW. 02 kelurahan kalianyar,"23,000,000",220,m3
5,1,1.20.343,Kelurahan Cakung Timur - JAKTIM,1.2,Otonomi Daerah. Pemerintahan Umum. Administrasi Keuangan Daerah. Perangkat Daerah. Kepegawaian. dan Persandian,1.20.27,Program Peningkatan Kapasitas Pemerintahan Kelurahan,Pengadaan Sarana dan Prasarana Posyandu,"192,400,000",1,Paket
5,1,1.20.324,Kelurahan Utan Kayu Selatan - JAKTIM,1.2,Otonomi Daerah. Pemerintahan Umum. Administrasi Keuangan Daerah. Perangkat Daerah. Kepegawaian. dan Persandian,1.20.27,Program Peningkatan Kapasitas Pemerintahan Kelurahan,Penyediaan sarana penghijauan lingkungan (pohon) di Kelurahan Utan Kayu Selatan,"83,040,000",1384,pohon
5,1,1.20.294,Kelurahan Kramat Jati - JAKTIM,1.2,Otonomi Daerah. Pemerintahan Umum. Administrasi Keuangan Daerah. Perangkat Daerah. Kepegawaian. dan Persandian,1.20.27,Program Peningkatan Kapasitas Pemerintahan Kelurahan,Penyediaan mesin potong Pohon penghijauan,"15,000,000",2,Unit
5,1,1.20.326,Kelurahan Kayu Manis - JAKTIM,1.2,Otonomi Daerah. Pemerintahan Umum. Administrasi Keuangan Daerah. Perangkat Daerah. Kepegawaian. dan Persandian,1.20.27,Program Peningkatan Kapasitas Pemerintahan Kelurahan,Pelatihan Ketrampilan (Kewirausahaan) di Kelurahan Kayu Manis,"60,000,000",100,orang
5,1,1.20.293,Kelurahan Kampung Dukuh - JAKTIM,1.2,Otonomi Daerah. Pemerintahan Umum. Administrasi Keuangan Daerah. Perangkat Daerah. Kepegawaian. dan Persandian,1.20.27,Program Peningkatan Kapasitas Pemerintahan Kelurahan,Pembinaan peran Perempuan dalam Penigkatan Pemberdayaan masyarakat,"48,900,000",1,Paket
5,1,1.20.311,Kelurahan Cipinang Muara - JAKTIM,1.2,Otonomi Daerah. Pemerintahan Umum. Administrasi Keuangan Daerah. Perangkat Daerah. Kepegawaian. dan Persandian,1.20.27,Program Peningkatan Kapasitas Pemerintahan Kelurahan,Pelatihan tentang bahaya narkoba rw 1 s/d rw 16 kelurahan cipinang muara,"120,000,000",16,rw
5,1,1.20.343,Kelurahan Cakung Timur - JAKTIM,1.2,Otonomi Daerah. Pemerintahan Umum. Administrasi Keuangan Daerah. Perangkat Daerah. Kepegawaian. dan Persandian,1.20.27,Program Peningkatan Kapasitas Pemerintahan Kelurahan,Pengadaan Peralatan Sarana Keamanan,"199,456,000",1,Paket
5,1,1.20.276,Kecamatan Ciracas - JAKTIM,1.2,Otonomi Daerah. Pemerintahan Umum. Administrasi Keuangan Daerah. Perangkat Daerah. Kepegawaian. dan Persandian,1.20.26,Program Peningkatan Kapasitas Pemerintahan Kecamatan,Pemeliharaan Saluran Air Jl Sirin RT 003 RW 12 Kelurahan Kelapa Dua Wetan,"7,700,000",35,M3
2,1,1.20.097,Kecamatan Koja - JAKUT,1.2,Otonomi Daerah. Pemerintahan Umum. Administrasi Keuangan Daerah. Perangkat Daerah. Kepegawaian. dan Persandian,1.20.26,Program Peningkatan Kapasitas Pemerintahan Kecamatan,"Pemeliharaan jalan (P=100M, L=1M) - RW. 12 (Gang Walang III dan IV RT. 004)(Gg. H. Murtado I RT. 007)(Gg. Mushola RT. 009)","110,840,000",340,M2
5,1,1.20.326,Kelurahan Kayu Manis - JAKTIM,1.2,Otonomi Daerah. Pemerintahan Umum. Administrasi Keuangan Daerah. Perangkat Daerah. Kepegawaian. dan Persandian,1.20.27,Program Peningkatan Kapasitas Pemerintahan Kelurahan,Penyediaan Sarana dan Prasarana Posyandu kelurahan kayu manis,"40,000,000",12,Posyandu
5,1,1.20.311,Kelurahan Cipinang Muara - JAKTIM,1.2,Otonomi Daerah. Pemerintahan Umum. Administrasi Keuangan Daerah. Perangkat Daerah. Kepegawaian. dan Persandian,1.20.27,Program Peningkatan Kapasitas Pemerintahan Kelurahan,Pengadaan sewa pengangkutan sampah rw 1 s.d 16 kelurahan cipinang muara,"48,000,000",48,minggu
5,1,1.20.313,Kelurahan Cipinang Besar Utara - JAKTIM,1.2,Otonomi Daerah. Pemerintahan Umum. Administrasi Keuangan Daerah. Perangkat Daerah. Kepegawaian. dan Persandian,1.20.27,Program Peningkatan Kapasitas Pemerintahan Kelurahan,Pengadaan perlengkapan siaga banjir kelurahan cipinang besar utara,"25,000,000",1,paket
5,1,1.20.326,Kelurahan Kayu Manis - JAKTIM,1.2,Otonomi Daerah. Pemerintahan Umum. Administrasi Keuangan Daerah. Perangkat Daerah. Kepegawaian. dan Persandian,1.20.27,Program Peningkatan Kapasitas Pemerintahan Kelurahan,Pengadaan / Penyediaan Alat Pemadam Dini Otomatis di Kelurahan Kayu Manis,"30,000,000",10,Buah
2,1,1.20.094,Kelurahan Sungai Bambu - JAKUT,1.2,Otonomi Daerah. Pemerintahan Umum. Administrasi Keuangan Daerah. Perangkat Daerah. Kepegawaian. dan Persandian,1.20.27,Program Peningkatan Kapasitas Pemerintahan Kelurahan,Pengecatan kanstin lingkungan Kelurahan Sungai Bambu,"50,000,000",2000,M2
5,1,1.20.311,Kelurahan Cipinang Muara - JAKTIM,1.2,Otonomi Daerah. Pemerintahan Umum. Administrasi Keuangan Daerah. Perangkat Daerah. Kepegawaian. dan Persandian,1.20.27,Program Peningkatan Kapasitas Pemerintahan Kelurahan,Pengadaan tanaman rw 1 s.d rw 16 kelurahan cipinang muara,"58,000,000",1,paket
5,1,1.20.343,Kelurahan Cakung Timur - JAKTIM,1.2,Otonomi Daerah. Pemerintahan Umum. Administrasi Keuangan Daerah. Perangkat Daerah. Kepegawaian. dan Persandian,1.20.27,Program Peningkatan Kapasitas Pemerintahan Kelurahan,Penggerakan masyarakat dalam peningkatan kebersihan lingkungan,"240,000,000",1,Paket
5,1,1.20.310,Kelurahan Cipinang Cempedak - JAKTIM,1.2,Otonomi Daerah. Pemerintahan Umum. Administrasi Keuangan Daerah. Perangkat Daerah. Kepegawaian. dan Persandian,1.20.27,Program Peningkatan Kapasitas Pemerintahan Kelurahan,pelatihan dan peningkatan wawasan kader pkk,"52,500,000",100,Orang
3,1,1.20.135,Kelurahan Kembangan Utara - JAKBAR,1.2,Otonomi Daerah. Pemerintahan Umum. Administrasi Keuangan Daerah. Perangkat Daerah. Kepegawaian. dan Persandian,1.20.27,Program Peningkatan Kapasitas Pemerintahan Kelurahan,"Penyuluhan dan pelatihan Peningkatan Kapasitas Masyarakat (kepemudaan, karang taruna, remaja masjid dll)","50,000,000",150,Orang
5,1,1.20.279,Kelurahan Kelapa Dua Wetan - JAKTIM,1.2,Otonomi Daerah. Pemerintahan Umum. Administrasi Keuangan Daerah. Perangkat Daerah. Kepegawaian. dan Persandian,1.20.27,Program Peningkatan Kapasitas Pemerintahan Kelurahan,Pengadaan sarana keamanan Kelurahan Kelapa Dua Wetan,"20,000,000",1,Paket
3,1,1.20.182,Kelurahan Keagungan - JAKBAR,1.2,Otonomi Daerah. Pemerintahan Umum. Administrasi Keuangan Daerah. Perangkat Daerah. Kepegawaian. dan Persandian,1.20.27,Program Peningkatan Kapasitas Pemerintahan Kelurahan,Sosialisasi Pola Hidup Sehat,"17,058,000",80,orang
2,1,1.20.096,Kelurahan Tanjung Priok - JAKUT,1.2,Otonomi Daerah. Pemerintahan Umum. Administrasi Keuangan Daerah. Perangkat Daerah. Kepegawaian. dan Persandian,1.20.27,Program Peningkatan Kapasitas Pemerintahan Kelurahan,Pelatihan & Pengadaan Alat Untuk Bank Sampah,"60,000,000",1,PAKET
3,1,1.20.132,Kelurahan Meruya Selatan - JAKBAR,1.2,Otonomi Daerah. Pemerintahan Umum. Administrasi Keuangan Daerah. Perangkat Daerah. Kepegawaian. dan Persandian,1.20.27,Program Peningkatan Kapasitas Pemerintahan Kelurahan,Pelaksanaan sosialisasi penyalahgunaan Narkoba,"30,000,000",150,orang
2,1,1.20.096,Kelurahan Tanjung Priok - JAKUT,1.2,Otonomi Daerah. Pemerintahan Umum. Administrasi Keuangan Daerah. Perangkat Daerah. Kepegawaian. dan Persandian,1.20.27,Program Peningkatan Kapasitas Pemerintahan Kelurahan,Peningkatan Pemberdayaan Perempuan,"67,000,000",16,SET
1,1,1.20.022,Kecamatan Tanah Abang - JAKPUS,1.2,Otonomi Daerah. Pemerintahan Umum. Administrasi Keuangan Daerah. Perangkat Daerah. Kepegawaian. dan Persandian,1.20.26,Program Peningkatan Kapasitas Pemerintahan Kecamatan,"Penopingan Pohon di Jl. Palmerah Utara, RW.01 Kelurahan Gelora","20,000,000",30,pohon
1,1,1.20.022,Kecamatan Tanah Abang - JAKPUS,1.2,Otonomi Daerah. Pemerintahan Umum. Administrasi Keuangan Daerah. Perangkat Daerah. Kepegawaian. dan Persandian,1.20.26,Program Peningkatan Kapasitas Pemerintahan Kecamatan,Perbaikan Lampu Rw.05 Kel. PetamburanJl. Petamburan V RT 009 RW 05 Kelurahan Petamburan,"5,000,000",1,unit
5,1,1.20.327,Kelurahan Pal Meriam - JAKTIM,1.2,Otonomi Daerah. Pemerintahan Umum. Administrasi Keuangan Daerah. Perangkat Daerah. Kepegawaian. dan Persandian,1.20.27,Program Peningkatan Kapasitas Pemerintahan Kelurahan,Peningkatan SDM Generasi Muda,"100,000,000",376,orang
5,1,1.20.295,Kelurahan Batu Ampar - JAKTIM,1.2,Otonomi Daerah. Pemerintahan Umum. Administrasi Keuangan Daerah. Perangkat Daerah. Kepegawaian. dan Persandian,1.20.27,Program Peningkatan Kapasitas Pemerintahan Kelurahan,Penyediaan prasarana dan sarana Posyandu Lansia di wilayah Kelurahan Batu Ampar,"48,000,000",1,Paket
5,1,1.20.310,Kelurahan Cipinang Cempedak - JAKTIM,1.2,Otonomi Daerah. Pemerintahan Umum. Administrasi Keuangan Daerah. Perangkat Daerah. Kepegawaian. dan Persandian,1.20.27,Program Peningkatan Kapasitas Pemerintahan Kelurahan,pengadaan gerobak sampah,"72,000,000",30,Unit
3,1,1.20.135,Kelurahan Kembangan Utara - JAKBAR,1.2,Otonomi Daerah. Pemerintahan Umum. Administrasi Keuangan Daerah. Perangkat Daerah. Kepegawaian. dan Persandian,1.20.27,Program Peningkatan Kapasitas Pemerintahan Kelurahan,Pengurasan/pembersihan got/saluran air lingkungan ( L; 50 cm) RT 007;008 /06,"49,115,000",470,M3
3,1,1.20.172,Kelurahan Duri Selatan - JAKBAR,1.2,Otonomi Daerah. Pemerintahan Umum. Administrasi Keuangan Daerah. Perangkat Daerah. Kepegawaian. dan Persandian,1.20.27,Program Peningkatan Kapasitas Pemerintahan Kelurahan,Penyediaan Seragam Posyandu,"25,000,